Nombre Paciente,Peso (kg),Estatura (m)
Valentina Rodríguez Pérez,58.4,1.620
Santiago Martínez Gómez,76.8,1.780
Camila Hernández Torres,64.2,1.670
Andrés Ramírez Castillo,82.5,1.810
Mariana López Vargas,55.7,1.590
Nicolás González Rojas,71.3,1.740
Daniela Moreno Sánchez,69.1,1.700
Sebastián Torres Méndez,88.6,1.850
Laura Castro Jiménez,61.5,1.640
Felipe Vargas Herrera,79.4,1.760
Natalia Suárez Molina,52.8,1.570
Juan Cárdenas Pérez,92.3,1.890
Sofía Mendoza Ruiz,63.7,1.680
Alejandro Pineda Gómez,68.9,1.720
Isabella Duarte Ramírez,57.3,1.610
Mateo Salazar Ortiz,84.7,1.830
Carolina Restrepo León,72.4,1.690
David Peña Morales,74.6,1.770
